country,Total_GDP,1995,1996,1997,1998,1999,2000,2001,2002,2003,2004,2005,2006,2007,2008,2009,2010,2011,2012,2013,2014,2015,2016,2017,2018,2019,2020,2021,2022,2023,2024,2025,2026,2027,2028,2029
Anguilla,Local currency in bn (Nominal prices),0.173461,0.192556,0.22681,0.241111,0.23658,0.224011,0.237379,0.215748,0.235601,0.250221,0.307657,0.369713,0.409259,0.393223,0.350158,0.370066,0.428784,0.431024,0.462051,0.516738,0.525028,0.529651,0.551031,0.396551,0.484688,0.538903,0.597934,0.656332,0.71507,0.774059,0.835717,0.899644,0.969539,1.03919,1.11069
Anguilla,Local currency in bn (Real prices),0.295778,0.318733,0.371075,0.385031,0.368685,0.347276,0.364808,0.313835,0.335775,0.343474,0.419513,0.48873,0.490602,0.465776,0.424456,0.451923,0.49939,0.490744,0.519383,0.552466,0.546095,0.545014,0.559737,0.396551,0.476164,0.517878,0.560583,0.60032,0.638085,0.673869,0.709795,0.745445,0.783758,0.819563,0.854584
Anguilla,Percentage growth,-14.0777,7.7608,16.4217,3.76108,-4.24532,-5.80701,5.04854,-13.9725,6.99075,2.29287,22.1384,16.4993,0.382996,-5.06026,-8.87123,6.47118,10.5033,-1.73124,5.83576,6.36972,-1.15318,-0.19809,2.70148,-29.1541,20.0766,8.76033,8.24625,7.08849,6.29082,5.60801,5.33121,5.02266,5.13961,4.56839,4.2731
Anguilla,Percentage of GDP,61.9309,65.1052,68.4776,64.4129,59.4851,55.3264,56.7499,50.7524,51.3964,46.0667,49.7336,48.1703,42.6645,41.1029,45.9066,51.1556,54.3092,56.991,60.6861,61.4705,58.8965,58.12,61.8551,41.5938,48.2652,50.9279,53.807,56.2414,58.3481,60.1461,62.0171,63.8069,65.7585,67.4636,69.0736
Anguilla,US$ in bn (Nominal prices),0.06,0.07,0.08,0.09,0.09,0.08,0.09,0.08,0.09,0.09,0.113947,0.136931,0.151578,0.145638,0.129688,0.137062,0.158809,0.159638,0.17113,0.191384,0.194455,0.196167,0.204085,0.146871,0.179514,0.199594,0.221457,0.243086,0.264841,0.286688,0.309525,0.333201,0.359088,0.384884,0.411368
Anguilla,US$ in bn (Real prices),0.109547,0.118049,0.137435,0.142604,0.13655,0.128621,0.135114,0.116235,0.124361,0.127212,0.155375,0.181011,0.181704,0.17251,0.157206,0.167379,0.184959,0.181757,0.192364,0.204617,0.202258,0.201857,0.20731,0.146871,0.176357,0.191807,0.207623,0.222341,0.236328,0.249581,0.262887,0.276091,0.290281,0.303542,0.316513
Antigua and Barbuda,Local currency in bn (Nominal prices),2.32278,2.58968,2.86032,2.8075,2.78762,2.71659,2.60614,2.67341,2.82933,3.19451,3.054,3.36682,3.67887,4.00036,3.79478,3.38224,3.33884,3.42557,3.25251,3.35745,3.42937,3.50507,3.49246,3.79314,3.9882,4.22853,4.42279,4.6426,4.89587,5.16223,5.43749,5.71426,6.00641,6.31573,6.63722
Antigua and Barbuda,Local currency in bn (Real prices),3.35416,3.63146,3.939,3.78636,3.70386,3.76436,3.47707,3.47421,3.72563,4.15887,3.74475,4.08254,4.3299,4.50836,4.19724,3.68263,3.57872,3.56861,3.44186,3.48846,3.47764,3.49995,3.53786,3.79314,3.89283,4.03067,4.13318,4.25352,4.39762,4.54595,4.69446,4.83667,4.98426,5.13817,5.29385
Antigua and Barbuda,Percentage growth,-15.3164,8.26732,8.46869,-3.87512,-2.17879,1.63336,-7.63182,-0.08,7.23674,11.6286,-9.9575,9.02032,6.05906,4.12147,-6.9008,-12.2608,-2.82161,-0.282433,-3.55173,1.35388,-0.310341,0.641693,1.08305,7.21567,2.6281,3.54102,2.5433,2.91158,3.38774,3.3728,3.26691,3.0294,3.0515,3.08795,3.02974
Antigua and Barbuda,Percentage of GDP,57.8446,60.4962,60.9129,56.2266,54.2798,52.74,52.3955,53.8423,53.9776,54.8017,50.8845,52.2349,51.1198,52.5025,55.0797,52.2762,51.5377,51.2799,50.3256,47.8547,46.8739,46.1661,42.5061,44.0774,44.6585,45.5609,46.2067,46.9042,47.7835,48.6772,49.0415,49.3323,49.6807,50.0883,50.3792
Antigua and Barbuda,US$ in bn (Nominal prices),0.860289,0.959141,1.05938,1.03981,1.03245,1.00614,0.965236,0.990153,1.0479,1.18315,1.13111,1.24697,1.36254,1.48161,1.40547,1.25268,1.23661,1.26873,1.20463,1.2435,1.27014,1.29817,1.2935,1.40487,1.47711,1.56612,1.63807,1.71948,1.81329,1.91194,2.01389,2.11639,2.2246,2.33916,2.45823
Antigua and Barbuda,US$ in bn (Real prices),1.24228,1.34499,1.45889,1.40235,1.3718,1.39421,1.2878,1.28674,1.37986,1.54032,1.38694,1.51205,1.60367,1.66976,1.55453,1.36394,1.32545,1.32171,1.27476,1.29202,1.28801,1.29628,1.31032,1.40487,1.44179,1.49284,1.53081,1.57538,1.62875,1.68368,1.73869,1.79136,1.84602,1.90303,1.96068
Aruba,Local currency in bn (Nominal prices),1.0055,1.50752,1.7394,1.90792,1.84543,2.04208,1.96272,1.98303,2.02225,2.29243,2.4943,2.61116,2.93175,3.17358,3.16936,3.37762,3.28478,3.71985,3.93611,4.21056,4.26538,4.38669,4.55223,4.90538,5.07279,5.35924,5.60363,5.84334,6.11419,6.405,6.70886,7.05014,7.40195,7.77481,8.17346
Aruba,Local currency in bn (Real prices),1.71372,2.48968,2.7899,3.00249,2.83973,3.0201,2.74795,2.65628,2.65339,2.94442,3.09964,3.15255,3.34845,3.45757,3.36376,3.62125,3.41888,3.8414,4.15839,4.37067,4.33721,4.49403,4.64327,4.90538,4.94907,5.07625,5.15313,5.21706,5.29989,5.39027,5.48156,5.59264,5.7007,5.81347,5.93356
Aruba,Percentage growth,9.6525,45.2791,12.0584,7.62,-5.42055,6.35134,-9.01111,-3.33581,-0.108841,10.9681,5.2717,1.70708,6.21393,3.25877,-2.71319,7.65468,-5.58822,12.3584,8.25172,5.105,-0.765488,3.61563,3.32092,5.64493,0.890518,2.56977,1.51464,1.24056,1.58759,1.70547,1.69345,2.02641,1.93233,1.97816,2.06561
Aruba,Percentage of GDP,42.534,61.0331,63.4356,64.0026,59.8424,60.8944,57.101,57.0729,55.8919,57.4744,59.7795,60.165,62.6309,64.5825,70.8553,78.9348,71.9716,81.9893,85.1788,88.7741,88.4933,91.887,94.1715,98.2981,98.0412,99.76,99.6755,99.0835,98.7131,98.455,98.1824,98.2466,98.2609,98.3594,98.5832
Aruba,US$ in bn (Nominal prices),0.561734,0.842189,0.971734,1.06588,1.03096,1.14083,1.09649,1.10784,1.12975,1.28069,1.39346,1.45875,1.63785,1.77295,1.77059,1.88694,1.83507,2.07813,2.19895,2.35227,2.38289,2.45066,2.54315,2.74044,2.83396,2.99399,3.13052,3.26443,3.41575,3.57821,3.74797,3.93863,4.13517,4.34347,4.56618
Aruba,US$ in bn (Real prices),0.957386,1.39088,1.5586,1.67737,1.58644,1.6872,1.53517,1.48396,1.48234,1.64493,1.73164,1.7612,1.87064,1.9316,1.8792,2.02304,1.90999,2.14603,2.32312,2.44172,2.42302,2.51063,2.59401,2.74044,2.76484,2.83589,2.87885,2.91456,2.96083,3.01133,3.06232,3.12438,3.18475,3.24775,3.31484
Bahamas,Local currency in bn (Nominal prices),2.1534,2.28536,2.60719,2.48866,2.70636,2.7962,2.73101,2.91181,2.93095,3.25139,3.58435,3.70137,3.81574,3.78574,3.64444,3.94292,3.90909,4.19098,4.14714,4.29931,4.62678,4.64774,4.72697,5.09765,5.2727,5.5101,5.70393,5.89198,6.12468,6.36878,6.63572,6.92798,7.1688,7.38456,7.59609
Bahamas,Local currency in bn (Real prices),5.59563,5.88064,3.90238,3.61475,3.74551,3.83449,3.7319,3.82737,3.80856,4.17507,4.38108,4.48697,4.49318,4.39244,4.27279,4.64095,4.64098,4.81821,4.78974,4.80895,4.85904,4.77974,4.80001,5.09765,5.19325,5.3495,5.46391,5.57163,5.71749,5.86934,6.03729,6.22289,6.35731,6.46551,6.56644
Bahamas,Percentage growth,6.31171,5.09343,-33.6402,-7.37062,3.61752,2.37569,-2.67542,2.55815,-0.491631,9.62349,4.9342,2.41702,0.138298,-2.24189,-2.72414,8.61655,0,3.81883,-0.590828,0.401115,1.04148,-1.63195,0.424026,6.20092,1.87534,3.00878,2.13873,1.97133,2.61796,2.65588,2.86155,3.07414,2.16017,1.70186,1.56106
Bahamas,Percentage of GDP,62.7996,63.3238,41.1725,36.42,35.2213,34.6215,32.8331,32.7863,33.0431,35.906,36.4404,36.4049,35.9354,35.9656,36.5102,39.0552,38.8175,39.0932,39.0223,39.2369,39.2356,39.2586,38.8664,40.3608,40.2559,40.65,40.7453,40.8139,41.1822,41.6102,42.1684,42.8646,43.2286,43.4057,43.539
Bahamas,US$ in bn (Nominal prices),2.1534,2.28536,2.60719,2.48866,2.70636,2.7962,2.73101,2.91181,2.93095,3.25139,3.58435,3.70137,3.81574,3.78574,3.64444,3.94292,3.90909,4.19098,4.14714,4.29931,4.62678,4.64774,4.72697,5.09765,5.2727,5.5101,5.70393,5.89198,6.12468,6.36878,6.63572,6.92798,7.1688,7.38456,7.59609
Bahamas,US$ in bn (Real prices),5.59563,5.88064,3.90238,3.61475,3.74551,3.83449,3.7319,3.82737,3.80856,4.17507,4.38108,4.48697,4.49318,4.39244,4.27279,4.64095,4.64098,4.81821,4.78974,4.80895,4.85904,4.77974,4.80001,5.09765,5.19325,5.3495,5.46391,5.57163,5.71749,5.86934,6.03729,6.22289,6.35731,6.46551,6.56644
Barbados,Local currency in bn (Nominal prices),1.68953,1.97661,2.04846,2.17734,2.08597,2.14528,2.10732,2.08704,2.37823,2.4405,3.18573,3.63237,3.70749,3.83525,3.57214,3.31083,3.18887,2.91753,3.02481,2.79985,2.91022,3.13488,3.17708,3.23342,3.38658,3.56462,3.70084,3.82724,3.96758,4.12067,4.27407,4.45421,4.64038,4.82801,5.01966
Barbados,Local currency in bn (Real prices),2.59041,2.9559,3.03442,2.96632,2.72285,2.77988,2.66382,2.61227,2.9387,2.84948,3.48826,4.13877,3.7608,3.80922,3.63722,3.36713,3.18179,2.88978,3.04687,2.84718,2.95267,3.17109,3.19723,3.23342,3.36377,3.51596,3.62494,3.72273,3.83248,3.95282,4.07165,4.21399,4.35988,4.50499,4.65167
Barbados,Percentage growth,-4.7049,14.1093,2.65652,-2.24422,-8.20802,2.09451,-4.17489,-1.93527,12.4961,-3.03619,22.4176,18.6485,-9.13235,1.28754,-4.51534,-7.42569,-5.50452,-9.17739,5.43598,-6.55392,3.70483,7.39742,0.824501,1.13177,4.03148,4.52421,3.09966,2.69774,2.94817,3.14007,3.00607,3.49592,3.4621,3.3282,3.25586
Barbados,Percentage of GDP,37.1367,40.7465,39.9512,37.6612,34.4322,34.363,33.8074,32.9227,36.3105,34.722,40.871,45.8778,40.9509,41.313,41.0911,37.9261,35.554,32.1945,33.9786,31.7199,32.6016,34.4281,34.375,34.8587,36.241,37.6121,38.4309,39.1005,39.8647,40.7052,41.4949,42.4861,43.4714,44.4064,45.3137
Barbados,US$ in bn (Nominal prices),0.844766,0.988306,1.02423,1.08867,1.04299,1.07264,1.05366,1.04352,1.18912,1.22025,1.59286,1.81619,1.85375,1.91762,1.78607,1.65542,1.59444,1.45876,1.5124,1.39993,1.45511,1.56744,1.58854,1.61671,1.69329,1.78231,1.85042,1.91362,1.98379,2.06034,2.13704,2.22711,2.32019,2.41401,2.50983
Barbados,US$ in bn (Real prices),1.2952,1.47795,1.51721,1.48316,1.36142,1.38994,1.33191,1.30613,1.46935,1.42474,1.74413,2.06938,1.8804,1.90461,1.81861,1.68357,1.59089,1.44489,1.52344,1.42359,1.47633,1.58554,1.59862,1.61671,1.68189,1.75798,1.81247,1.86136,1.91624,1.97641,2.03582,2.107,2.17994,2.2525,2.32583
Cayman Islands,Local currency in bn (Nominal prices),0.504153,0.48174,0.623797,0.718079,0.744111,0.753967,0.747425,0.814254,0.725481,0.673652,0.488479,0.569054,0.58092,0.596517,0.527558,0.558426,0.611032,0.723544,0.766703,0.764021,0.83814,0.867898,0.930932,1.02172,1.08351,1.151,1.22231,1.29377,1.37359,1.46379,1.56335,1.66582,1.76487,1.86562,1.96466
Cayman Islands,Local currency in bn (Real prices),0.837759,0.774648,0.971663,1.1106,1.09743,1.07437,1.04396,1.10929,0.972119,0.864622,0.584254,0.675255,0.667323,0.676695,0.590421,0.621029,0.670666,0.785472,0.820523,0.80404,0.8803,0.90119,0.94955,1.02172,1.06226,1.10631,1.15181,1.19524,1.24411,1.29981,1.36099,1.42176,1.47676,1.53045,1.5801
Cayman Islands,Percentage growth,16.8507,-7.53328,25.4328,14.2993,-1.18578,-2.1021,-2.83034,6.2583,-12.3658,-11.058,-32.4266,15.5755,-1.17458,1.40434,-12.7492,5.18403,7.99268,17.1183,4.46239,-2.00882,9.48459,2.37305,5.3662,7.60078,3.96788,4.14624,4.11332,3.77016,4.08855,4.4771,4.70702,4.46547,3.86834,3.63583,3.24393
Cayman Islands,Percentage of GDP,46.6693,41.1016,48.8683,42.8745,40.979,39.7286,38.3905,40.1012,34.4534,30.3708,19.271,21.2928,20.3976,20.7583,19.5171,21.1019,22.5252,26.0606,26.8797,25.6738,27.3766,27.5336,28.3193,29.5453,30.1005,30.8402,31.4857,32.1006,32.8986,33.854,34.9138,35.9237,36.7515,37.5143,38.148
Cayman Islands,US$ in bn (Nominal prices),0.604984,0.578088,0.748557,0.861695,0.892934,0.904761,0.896911,0.977105,0.870577,0.808383,0.586175,0.682866,0.697105,0.715821,0.633069,0.670112,0.733238,0.868253,0.920044,0.916825,1.00577,1.04148,1.11712,1.22607,1.30021,1.3812,1.46678,1.55252,1.64831,1.75655,1.87602,1.99899,2.11784,2.23874,2.35759
Cayman Islands,US$ in bn (Real prices),1.00531,0.929578,1.166,1.33273,1.31692,1.28924,1.25275,1.33115,1.16654,1.03755,0.701105,0.810306,0.800788,0.812034,0.708506,0.745235,0.8048,0.942567,0.984628,0.964849,1.05636,1.08143,1.13946,1.22607,1.27472,1.32757,1.38218,1.43429,1.49293,1.55977,1.63319,1.70612,1.77212,1.83655,1.89612
Cuba,Local currency in bn (Nominal prices),2.18567,2.54506,2.86543,3.28566,3.64762,3.65535,3.82645,4.03646,4.40213,4.70711,5.69549,5.99502,5.93419,6.59187,6.24059,6.10215,6.64027,7.01858,7.21162,7.13332,8.76625,9.02431,9.91566,10.556,11.1832,12.0071,12.8625,13.7772,14.6818,15.6392,16.5882,17.6595,18.7347,19.8527,20.9931
Cuba,Local currency in bn (Real prices),3.73745,4.47148,5.10316,5.77627,6.17863,6.0858,6.34191,6.39988,6.77817,7.20399,8.68365,8.28196,7.91372,8.82129,8.29854,8.01807,8.36352,8.58971,8.59745,8.21944,9.76512,9.68195,10.2131,10.556,10.8574,11.3179,11.8054,12.3126,12.776,13.2514,13.686,14.1868,14.6549,15.1212,15.5695
Cuba,Percentage growth,15.2817,19.6398,14.1269,13.1899,6.96584,-1.50254,4.20837,0.914124,5.91092,6.28219,20.5395,-4.62588,-4.44625,11.4683,-5.92599,-3.37981,4.30849,2.70443,0.09,-4.39677,18.8051,-0.851685,5.48632,3.35674,2.85608,4.24063,4.30766,4.2959,3.76376,3.72113,3.27972,3.6591,3.29955,3.18209,2.96439
Cuba,Percentage of GDP,9.16986,10.1733,11.297,12.7664,12.8596,11.959,12.0776,12.0167,12.2618,12.3212,13.356,11.3665,10.1259,10.8408,10.0525,9.48599,9.62498,9.59596,9.34778,8.84413,10.0608,10.0618,10.4263,10.5631,10.6444,10.805,10.918,11.0009,11.0444,11.1216,11.1911,11.3326,11.452,11.5778,11.6978
Cuba,US$ in bn (Nominal prices),2.18567,2.54506,2.86543,3.28566,3.64762,3.65535,3.82645,4.03646,4.40213,4.70711,5.69549,5.99502,5.93419,6.59187,6.24059,6.10215,6.64027,7.01858,7.21162,7.13332,8.76625,9.02431,9.91566,10.556,11.1832,12.0071,12.8625,13.7772,14.6818,15.6392,16.5882,17.6595,18.7347,19.8527,20.9931
Cuba,US$ in bn (Real prices),3.73745,4.47148,5.10316,5.77627,6.17863,6.0858,6.34191,6.39988,6.77817,7.20399,8.68365,8.28196,7.91372,8.82129,8.29854,8.01807,8.36352,8.58971,8.59745,8.21944,9.76512,9.68195,10.2131,10.556,10.8574,11.3179,11.8054,12.3126,12.776,13.2514,13.686,14.1868,14.6549,15.1212,15.5695
Dominican Republic,Local currency in bn (Nominal prices),32.6712,36.4379,47.4797,52.4047,59.2935,68.9952,73.5681,82.1308,142.515,206.881,186.644,226.393,236.245,263.97,276.995,266.508,304.825,346.1,394.715,452.192,516.466,569.446,627.607,690.227,741.991,803.953,865.935,929.678,1000.32,1078.69,1164.98,1252.77,1347.94,1449.98,1557.99
Dominican Republic,Local currency in bn (Real prices),169.496,182.764,219.165,228.206,249.522,271.572,275.498,291.608,378.649,378.58,332.585,382.748,377.863,382.617,387.919,353.839,374.568,404.781,440.839,494.902,561.576,613.826,652.615,690.227,713.453,743.301,769.813,794.693,822.191,852.501,885.293,915.385,947.044,979.555,1012.04
Dominican Republic,Percentage growth,7.16579,7.82822,19.9168,4.12508,9.34084,8.83679,1.44576,5.84753,29.8486,-0.02,-12.1494,15.0828,-1.27633,1.25817,1.38564,-8.78526,5.85841,8.06603,8.90799,12.2635,13.4722,9.30418,6.3192,5.76331,3.36498,4.18358,3.56686,3.23196,3.46019,3.68648,3.84651,3.39915,3.45851,3.43286,3.31615
Dominican Republic,Percentage of GDP,14.4821,14.5763,16.184,15.7476,16.135,16.6207,16.5614,16.5707,21.5714,21.2882,17.1164,17.7987,16.1987,15.8861,15.9555,13.4383,13.7917,14.5053,15.0668,15.7146,16.6621,17.0829,17.3701,17.2427,16.9749,16.8511,16.6396,16.3872,16.1807,16.0216,15.8996,15.7218,15.566,15.4182,15.2584
Dominican Republic,US$ in bn (Nominal prices),2.53855,2.82546,3.38998,3.56419,3.7446,4.26383,4.40765,4.66838,4.85239,4.93393,6.16335,6.79858,7.12183,7.6448,7.70031,7.23787,8.00326,8.80206,9.44418,10.3834,11.4654,12.3619,13.2032,13.9533,14.6728,15.5142,16.3871,17.3029,18.3101,19.4183,20.5904,21.718,22.9194,24.1801,25.4789
Dominican Republic,US$ in bn (Real prices),3.42644,3.69467,4.43053,4.61329,5.04421,5.48996,5.56933,5.895,7.65457,7.65318,6.72337,7.73744,7.63868,7.73479,7.84196,7.15303,7.57208,8.18285,8.91177,10.0047,11.3525,12.4088,13.1929,13.9533,14.4228,15.0262,15.5621,16.0651,16.621,17.2337,17.8966,18.505,19.145,19.8022,20.4588
Dominica,Local currency in bn (Nominal prices),0.210919,0.259058,0.314838,0.306579,0.330444,0.307351,0.284372,0.294722,0.283687,0.332336,0.329049,0.381556,0.410789,0.432093,0.44525,0.518938,0.581198,0.468908,0.498551,0.78007,0.732772,0.738172,0.686243,0.432181,0.539286,0.592684,0.641079,0.690219,0.736537,0.780426,0.824803,0.876231,0.92359,0.969826,1.01524
Dominica,Local currency in bn (Real prices),0.324834,0.383085,0.460047,0.436495,0.458861,0.424049,0.385614,0.396926,0.394693,0.427071,0.426429,0.481485,0.509651,0.528267,0.505986,0.602822,0.666131,0.54852,0.561198,0.878996,0.787508,0.749285,0.694138,0.432181,0.528572,0.568829,0.603213,0.636716,0.666121,0.691974,0.716982,0.746752,0.77168,0.794422,0.815316
Dominica,Percentage growth,14.7093,17.9326,20.0901,-5.11947,5.12384,-7.58646,-9.064,2.93365,-0.562492,8.20333,-0.150452,12.911,5.84978,3.65272,-4.2177,19.138,10.5022,-17.6559,2.31131,56.6286,-10.4083,-4.85356,-7.36001,-37.7384,22.3033,7.61629,6.04462,5.55402,4.61829,3.88114,3.61396,4.15221,3.33812,2.94713,2.63009
Dominica,Percentage of GDP,30.0785,34.2688,40.1519,36.9291,38.5742,35.4223,32.1028,33.7318,31.1543,32.8441,32.901,35.5257,35.4893,34.1184,33.0522,38.9204,42.9315,35.7346,36.7841,55.1716,50.7193,47.0171,45.5904,33.4156,38.0343,38.3349,39.5911,40.8504,41.8171,42.5049,43.093,43.9161,44.4051,44.7133,44.8722
Dominica,US$ in bn (Nominal prices),0.08,0.1,0.116606,0.113548,0.122387,0.113834,0.105323,0.109156,0.105069,0.123087,0.12187,0.141317,0.152144,0.160034,0.164907,0.192199,0.215259,0.17367,0.184648,0.288915,0.271397,0.273397,0.254164,0.160067,0.199735,0.219513,0.237437,0.255637,0.272791,0.289047,0.305482,0.32453,0.342071,0.359195,0.376015
Dominica,US$ in bn (Real prices),0.120309,0.141883,0.170388,0.161665,0.169948,0.157055,0.14282,0.14701,0.146183,0.158175,0.157937,0.178328,0.18876,0.195654,0.187402,0.223267,0.246715,0.203155,0.207851,0.325554,0.291669,0.277513,0.257088,0.160067,0.195767,0.210678,0.223412,0.235821,0.246711,0.256287,0.265549,0.276575,0.285807,0.29423,0.301969
Grenada,Local currency in bn (Nominal prices),0.524194,0.586325,0.604822,0.602095,0.643208,0.652554,0.59307,0.666857,0.729657,0.651278,0.564857,0.709737,0.9496,0.949905,0.863478,0.855141,0.826806,0.799484,0.82561,1.35231,1.42749,1.49469,1.68509,1.84826,1.91276,2.04298,2.16653,2.30077,2.44937,2.61212,2.78815,2.97959,3.18307,3.3966,3.62285
Grenada,Local currency in bn (Real prices),0.887397,0.966736,0.979749,0.958672,1.01277,0.998893,0.888781,0.995622,1.09025,0.953771,0.807289,0.96923,1.26739,1.17556,1.06823,1.05334,1.01617,0.944286,0.948471,1.54181,1.5807,1.58336,1.72048,1.84826,1.87893,1.96944,2.04759,2.13182,2.22502,2.32633,2.43442,2.55056,2.67132,2.79463,2.92234
Grenada,Percentage growth,-3.69077,8.94057,1.34608,-2.15129,5.64353,-1.37061,-11.0234,12.0211,9.50478,-12.5185,-15.3582,20.0599,30.7625,-7.24577,-9.13029,-1.39396,-3.52798,-7.0744,0.44323,62.5577,2.52202,0.168633,8.65973,7.42728,1.65948,4.81688,3.96796,4.11394,4.37145,4.55359,4.64632,4.77068,4.73482,4.6158,4.56988
Grenada,Percentage of GDP,56.7392,59.1852,57.1171,50.0104,49.4234,46.4742,42.2053,45.7093,45.725,40.2615,30.0856,37.6221,46.3571,42.5939,41.4645,41.0781,39.3273,37.0186,36.2894,54.9487,53.0287,52.1454,55.3837,56.558,55.7957,56.9074,57.6382,58.5078,59.5994,60.897,62.3562,63.9642,65.6126,67.286,69.0516
Grenada,US$ in bn (Nominal prices),0.194146,0.217157,0.224008,0.222998,0.238225,0.241687,0.219656,0.246984,0.270243,0.241214,0.209206,0.262866,0.351704,0.351817,0.319807,0.316719,0.306224,0.296105,0.305782,0.500856,0.5287,0.553591,0.624108,0.684542,0.708428,0.75666,0.802418,0.852136,0.907175,0.967452,1.03265,1.10355,1.17892,1.258,1.34179
Grenada,US$ in bn (Real prices),0.328666,0.35805,0.36287,0.355064,0.375102,0.36996,0.329178,0.368749,0.403798,0.353249,0.298996,0.358974,0.469404,0.435392,0.395639,0.390124,0.376361,0.349735,0.351286,0.571042,0.585444,0.586431,0.637214,0.684542,0.695902,0.729422,0.758366,0.789564,0.82408,0.861605,0.901638,0.944652,0.989379,1.03505,1.08235
Guadeloupe,Local currency in bn (Nominal prices),0.560911,0.643951,0.627697,0.725715,0.646898,0.737441,0.712753,0.666464,0.58482,0.542237,0.539691,0.553372,0.591654,0.594495,0.494898,0.415228,0.449482,0.442199,0.460965,0.470451,0.484692,0.486981,0.4981,0.510072,0.535931,0.551937,0.567855,0.585955,0.609956,0.637056,0.661852,0.690685,0.719025,0.745504,0.769874
Guadeloupe,Local currency in bn (Real prices),0.660524,0.748309,0.721544,0.821512,0.729675,0.831252,0.786798,0.712417,0.603884,0.546855,0.535604,0.533961,0.557827,0.5491,0.446783,0.419913,0.45724,0.446569,0.46831,0.477758,0.484374,0.486655,0.498577,0.510072,0.533346,0.539572,0.544623,0.551883,0.564441,0.578936,0.590424,0.604697,0.617694,0.628297,0.636407
Guadeloupe,Percentage growth,39.6188,13.2903,-3.57675,13.8547,-11.179,13.9208,-5.34787,-9.45358,-15.2345,-9.44375,-2.05734,-0.30674,4.46972,-1.56447,-18.6336,-6.01421,8.88924,-2.33369,4.86838,2.01746,1.38486,0.470909,2.44976,2.30556,4.56293,1.16724,0.936142,1.33313,2.27536,2.56815,1.98432,2.41734,2.14935,1.71661,1.29072
Guadeloupe,Percentage of GDP,13.0536,14.0718,13.0741,14.402,12.1421,13.1843,11.9993,10.7467,8.67572,7.78633,7.30473,7.13254,7.26252,7.07111,6.04361,5.4045,5.71351,5.5469,5.77651,5.84048,5.81095,5.81539,5.93393,6.01064,6.24431,6.2983,6.3162,6.3819,6.50824,6.65674,6.76987,6.93977,7.07055,7.19985,7.30153
Guadeloupe,US$ in bn (Nominal prices),0.734108,0.817508,0.712273,0.813519,0.689448,0.68111,0.638362,0.630191,0.661525,0.67449,0.671424,0.694813,0.810849,0.874773,0.690275,0.5505,0.625659,0.568132,0.612216,0.624994,0.537772,0.539009,0.561639,0.60792,0.639745,0.660923,0.682115,0.706055,0.737263,0.77241,0.804959,0.842616,0.879889,0.915089,0.947891
Guadeloupe,US$ in bn (Real prices),0.787233,0.891859,0.859959,0.979104,0.86965,0.990713,0.93773,0.849081,0.719728,0.651759,0.63835,0.636392,0.664836,0.654435,0.53249,0.500465,0.544953,0.532235,0.558147,0.569407,0.577292,0.580011,0.59422,0.60792,0.635659,0.643079,0.649099,0.657752,0.672718,0.689995,0.703686,0.720697,0.736187,0.748825,0.75849
Haiti,Local currency in bn (Nominal prices),2.52402,3.32172,3.8416,4.4678,4.26723,4.46183,4.31243,5.20318,6.55319,6.87891,6.42579,9.62539,11.0302,21.3827,23.9634,16.9488,23.1776,26.428,32.0212,33.0931,43.4469,47.5947,46.3584,53.0593,63.9665,73.6311,82.8096,93.7513,106.516,121.123,138.416,158.648,180.879,205.822,233.248
Haiti,Local currency in bn (Real prices),29.6096,35.3143,36.3034,36.922,32.9937,30.978,26.8372,29.5022,29.2702,25.2542,20.0864,26.1966,27.7964,47.7534,51.5974,34.5961,44.0098,47.6548,54.1525,53.5687,65.7896,63.9571,53.8551,53.0593,56.6075,58.5973,60.0746,61.9984,64.2115,66.5606,69.3376,72.4457,75.2935,78.101,80.6816
Haiti,Percentage growth,243.13,19.2663,2.80087,1.70409,-10.6395,-6.1091,-13.3671,9.9305,-0.786583,-13.7204,-20.4631,30.4198,6.10657,71.7972,8.04984,-32.95,27.2103,8.28226,13.6349,-1.078,22.8136,-2.78539,-15.7951,-1.47752,6.68715,3.51511,2.52103,3.20242,3.56966,3.65825,4.17213,4.48265,3.93092,3.72872,3.30418
Haiti,Percentage of GDP,6.19711,7.12097,7.11328,7.09208,6.16171,5.75126,5.03201,5.53365,5.47203,4.89996,3.82408,4.88256,5.01123,8.53293,8.94557,6.349,7.65307,8.05582,8.78433,8.44999,10.2555,9.82649,8.17693,7.91189,8.34298,8.58276,8.70744,8.8028,8.84761,8.86667,8.92273,9.0045,9.03905,9.05642,9.03732
Haiti,US$ in bn (Nominal prices),0.167046,0.211559,0.230664,0.266485,0.251934,0.210755,0.176529,0.177884,0.154678,0.179362,0.158863,0.238202,0.299235,0.546765,0.581669,0.425877,0.571965,0.629992,0.736749,0.73189,0.856833,0.751466,0.715742,0.784095,0.813,0.909943,1.00726,1.11985,1.24263,1.37589,1.52693,1.69969,1.88181,2.07936,2.28791
Haiti,US$ in bn (Real prices),0.437561,0.521863,0.53648,0.545622,0.48757,0.457784,0.396591,0.435975,0.432546,0.373199,0.296831,0.387126,0.410766,0.705685,0.762491,0.51125,0.650363,0.704228,0.800249,0.791622,0.97222,0.945139,0.795854,0.784095,0.836528,0.865933,0.887764,0.916194,0.948899,0.983612,1.02465,1.07058,1.11266,1.15415,1.19229
Jamaica,Local currency in bn (Nominal prices),61.2214,70.1094,74.4488,85.2446,92.9509,100.758,104.996,117.387,142.393,176.935,191.388,223.32,240.525,259.462,303.001,317.162,309.881,331.664,384.479,456.992,503.472,550.011,613.805,674.508,736.343,799.299,862.311,933.132,1015.71,1107.71,1211.87,1323.82,1448.58,1575.27,1724.17
Jamaica,Local currency in bn (Real prices),464.224,449.133,435.809,456.403,465.199,455.149,439.666,444.778,483.34,532.161,516.407,553.583,535.664,508.899,532.301,507.396,468.713,470.731,503.414,559.149,577.791,603.47,643.253,674.508,701.956,725.687,745.615,768.43,796.606,827.389,862.083,896.875,934.669,968.014,1009.06
Jamaica,Percentage growth,-4.45898,-3.25082,-2.96648,4.72533,1.92735,-2.16042,-3.40182,1.16281,8.66992,10.1008,-2.96049,7.19908,-3.2371,-4.9966,4.59866,-4.67873,-7.6239,0.430489,6.94313,11.0714,3.33405,4.44424,6.59251,4.85886,4.06923,3.38074,2.74605,3.05997,3.66667,3.86433,4.19309,4.0358,4.21401,3.56759,4.2398
Jamaica,Percentage of GDP,26.4858,25.5447,25.0333,26.5417,26.7884,26.0297,24.8262,24.9466,26.1506,28.4159,27.3304,28.4725,27.1586,26.0127,28.4424,27.5151,24.9847,25.2499,26.869,29.6414,30.3586,31.2782,32.9881,33.9647,34.6836,35.2616,35.5231,35.8297,36.2941,36.8529,37.55,38.2215,39.0028,39.5846,40.468
Jamaica,US$ in bn (Nominal prices),1.74211,1.88874,2.10281,2.33227,2.3807,2.34399,2.2827,2.42456,2.46607,2.89122,3.07299,3.39682,3.47619,3.56619,3.44734,3.63735,3.60777,3.73702,3.83554,4.11948,4.30695,4.39675,4.79668,5.16116,5.46748,5.90661,6.27674,6.6237,6.99653,7.3963,7.83536,8.28831,8.78157,9.24637,9.79751
Jamaica,US$ in bn (Real prices),3.55212,3.43665,3.3347,3.49228,3.55958,3.48268,3.36421,3.40333,3.69839,4.07196,3.95141,4.23588,4.09876,3.89396,4.07303,3.88246,3.58647,3.60191,3.85199,4.27846,4.42111,4.61759,4.92201,5.16116,5.37118,5.55277,5.70525,5.87983,6.09542,6.33097,6.59643,6.86265,7.15184,7.40699,7.72103
Martinique,Local currency in bn (Nominal prices),0.482347,0.592783,0.686764,0.677779,0.702502,0.647559,0.582646,0.553221,0.474337,0.527665,0.553372,0.580609,0.559202,0.550956,0.518465,0.524386,0.658583,0.703832,0.736554,0.789642,0.81195,0.812391,0.850329,0.888674,0.931945,0.985053,1.04197,1.103,1.17604,1.25408,1.33394,1.42672,1.53124,1.63277,1.74375
Martinique,Local currency in bn (Real prices),0.693957,0.841792,0.964618,0.94023,0.970401,0.885614,0.780864,0.725973,0.610377,0.668298,0.690127,0.702613,0.66081,0.640241,0.575331,0.588901,0.729614,0.749288,0.814174,0.866833,0.856341,0.848921,0.867334,0.888675,0.913672,0.946804,0.981872,1.01901,1.06519,1.1136,1.16129,1.2177,1.2813,1.33946,1.40247
Martinique,Percentage growth,14.1776,21.3032,14.5909,-2.52827,3.20892,-8.73729,-11.828,-7.02945,-15.9229,9.48927,3.2664,1.80918,-5.94958,-3.1127,-10.1384,2.35863,23.8943,2.6964,8.65968,6.46782,-1.21035,-0.866554,2.16905,2.46044,2.81287,3.62629,3.7038,3.78229,4.53184,4.54482,4.28219,4.85829,5.22234,4.5394,4.70376
Martinique,Percentage of GDP,10.746,12.4598,13.8338,13.0209,13.0037,11.7828,9.85682,9.06424,7.36324,7.75934,7.67509,7.60111,7.08511,6.88523,6.6173,6.47551,7.94335,8.15753,8.90849,9.35373,9.2037,9.22543,9.36272,9.42197,9.56638,9.83439,10.1264,10.43,10.8195,11.2265,11.5344,12.0042,12.5286,12.9826,13.4623
Martinique,US$ in bn (Nominal prices),0.631151,0.75239,0.779134,0.759621,0.748709,0.598094,0.521835,0.523111,0.536551,0.656364,0.688444,0.729012,0.766374,0.810707,0.723146,0.69522,0.916718,0.904275,0.978231,1.04904,0.900869,0.899185,0.960616,1.05233,1.09504,1.20669,1.30246,1.37875,1.47006,1.5676,1.66742,1.78339,1.91405,2.04096,2.17969
Martinique,US$ in bn (Real prices),0.821751,0.99681,1.14225,1.11337,1.1491,1.0487,0.924661,0.859663,0.722779,0.791366,0.817215,0.832,0.782499,0.758143,0.681279,0.697348,0.863974,0.887271,0.964105,1.02646,1.01404,1.00525,1.02706,1.05233,1.08193,1.12116,1.16269,1.20666,1.26134,1.31867,1.37514,1.44195,1.51725,1.58612,1.66073
"Bonaire, Sint Eustatius and Saba",Local currency in bn (Nominal prices),1.49026,1.16112,1.63112,1.71711,1.45073,1.34771,1.33572,1.62819,1.88024,1.98473,2.1105,2.06322,2.03489,2.25482,2.14199,2.06222,2.41338,2.99605,3.30534,3.48291,3.36506,3.25427,3.36335,3.49961,3.65507,3.86141,4.09965,4.29446,4.48753,4.69443,4.95053,5.2301,5.49917,5.78879,6.09472
"Bonaire, Sint Eustatius and Saba",Local currency in bn (Real prices),2.48646,1.87627,2.58594,2.60904,2.17922,1.93642,1.91769,2.31897,2.64624,2.75038,2.80021,2.65439,2.54169,2.63461,2.45852,2.30295,2.63365,3.16861,3.44975,3.58141,3.47702,3.36255,3.42053,3.4996,3.55552,3.64683,3.74814,3.80819,3.8635,3.92392,4.01746,4.12072,4.20652,4.29909,4.39445
"Bonaire, Sint Eustatius and Saba",Percentage growth,4.67046,-24.5406,37.8236,0.893318,-16.4745,-11.1413,-0.967384,20.9252,14.1128,3.93549,1.81167,-5.20767,-4.24569,3.65601,-6.68375,-6.328,14.36,20.3126,8.87262,3.81651,-2.91475,-3.29239,1.72439,2.31183,1.59766,2.56821,2.77802,1.6022,1.45229,1.56382,2.38393,2.57022,2.08215,2.20061,2.21834
"Bonaire, Sint Eustatius and Saba",Percentage of GDP,45.2561,33.682,45.8613,47.758,40.6248,36.841,35.9775,43.3326,48.6214,49.9357,50.2872,46.9012,43.8274,44.457,41.7071,39.0358,44.3695,53.4564,58.6652,61.6058,59.6439,58.2431,60.272,62.1627,61.3164,62.0228,62.9277,63.1155,63.2103,63.375,64.0531,65.0046,65.6378,66.3462,67.0845
"Bonaire, Sint Eustatius and Saba",US$ in bn (Nominal prices),0.832545,0.64867,0.911238,0.959282,0.810464,0.752909,0.746211,0.909601,1.05041,1.10879,1.17905,1.15263,1.13681,1.25968,1.19664,1.15208,1.34826,1.67377,1.84656,1.94576,1.87992,1.81803,1.87897,1.95509,2.04194,2.15721,2.29031,2.39914,2.507,2.62259,2.76566,2.92185,3.07216,3.23396,3.40487
"Bonaire, Sint Eustatius and Saba",US$ in bn (Real prices),1.38908,1.0482,1.44466,1.45757,1.21744,1.0818,1.07133,1.29551,1.47835,1.53653,1.56436,1.4829,1.41994,1.47185,1.37348,1.28656,1.47131,1.77017,1.92724,2.00079,1.94247,1.87852,1.91091,1.95509,1.98632,2.03733,2.09393,2.12748,2.15838,2.19213,2.24439,2.30208,2.35001,2.40172,2.455
Puerto Rico,Local currency in bn (Nominal prices),2.40039,2.92504,3.40537,3.86758,3.76531,3.8936,4.35065,4.37254,4.5654,5.28282,5.73806,5.74677,5.27479,6.32137,5.69186,5.19084,5.86621,6.26391,6.51366,6.31026,7.13573,6.99489,6.96878,6.7476,7.16289,7.58728,7.93055,8.25564,8.57164,8.91188,9.29299,9.69296,10.105,10.5407,10.9627
Puerto Rico,Local currency in bn (Real prices),5.11059,5.99334,6.8859,7.353,7.05423,7.0618,7.4792,7.32991,7.32905,8.25473,8.41173,7.98585,7.06283,7.94297,6.81253,6.06168,6.69177,7.06216,7.25795,6.9479,7.71679,7.23471,7.07331,6.7476,7.05704,7.36468,7.58412,7.77834,7.95671,8.1503,8.37325,8.60457,8.83777,9.08262,9.30662
Puerto Rico,Percentage growth,-19.9267,17.2729,14.8926,6.7834,-4.06321,0.107315,5.91068,-1.99605,-0.01,12.6304,1.90186,-5.06293,-11.5581,12.4616,-14.2319,-11.0217,10.3947,5.53504,2.77238,-4.27197,11.0666,-6.24719,-2.23093,-4.60482,4.58601,4.35933,2.97968,2.56082,2.29318,2.43301,2.73543,2.76263,2.71024,2.77044,2.46629
Puerto Rico,Percentage of GDP,5.55048,6.36178,6.96903,7.05169,6.41953,6.22286,6.19921,6.02024,6.01671,6.57702,6.83798,6.58458,5.89203,6.75077,5.9053,5.27624,5.84565,6.1674,6.35789,6.15961,6.91825,6.65961,6.74719,6.73979,6.87695,7.03602,7.17393,7.32104,7.47168,7.63589,7.82679,8.02463,8.22331,8.4319,8.62004
Puerto Rico,US$ in bn (Nominal prices),2.40039,2.92504,3.40537,3.86758,3.76531,3.8936,4.35065,4.37254,4.5654,5.28282,5.73806,5.74677,5.27479,6.32137,5.69186,5.19084,5.86621,6.26391,6.51366,6.31026,7.13573,6.99489,6.96878,6.7476,7.16289,7.58728,7.93055,8.25564,8.57164,8.91188,9.29299,9.69296,10.105,10.5407,10.9627
Puerto Rico,US$ in bn (Real prices),5.11059,5.99334,6.8859,7.353,7.05423,7.0618,7.4792,7.32991,7.32905,8.25473,8.41173,7.98585,7.06283,7.94297,6.81253,6.06168,6.69177,7.06216,7.25795,6.9479,7.71679,7.23471,7.07331,6.7476,7.05704,7.36468,7.58412,7.77834,7.95671,8.1503,8.37325,8.60457,8.83777,9.08262,9.30662
Saint Kitts and Nevis,Local currency in bn (Nominal prices),0.599964,0.630171,0.714641,0.688699,0.633609,0.500452,0.53628,0.517213,0.694464,0.987661,1.19417,1.31121,1.2514,1.11159,0.863231,0.91416,1.10508,1.13299,1.27183,1.35907,1.29129,1.36838,1.47587,1.71313,1.80961,1.91027,2.00577,2.11245,2.25018,2.40858,2.58889,2.80653,3.03164,3.25716,3.5053
Saint Kitts and Nevis,Local currency in bn (Real prices),1.01588,1.06244,1.15495,1.10057,0.984971,0.768312,0.791912,0.747732,1.00356,1.36934,1.66625,1.59029,1.43012,1.23162,0.947732,1.00639,1.16601,1.21865,1.3584,1.4186,1.36454,1.43979,1.49889,1.71313,1.77222,1.83214,1.88398,1.94318,2.02929,2.12955,2.24409,2.38504,2.52583,2.66051,2.80706
Saint Kitts and Nevis,Percentage growth,-19.1099,4.58327,8.70669,-4.7078,-10.5038,-21.9965,3.07168,-5.57883,34.2137,36.4486,21.6823,-4.55888,-10.0718,-13.88,-23.0497,6.18941,15.861,4.51422,11.4677,4.43151,-3.81097,5.51482,4.10482,14.2936,3.4491,3.38069,2.82968,3.14227,4.43152,4.94056,5.37881,6.28085,5.90288,5.3322,5.50821
Saint Kitts and Nevis,Percentage of GDP,74.1439,73.2241,74.1655,69.9578,60.2344,44.1216,43.1209,39.6904,55.268,72.7872,81.4268,76.3315,68.765,55.7149,44.2078,48.0241,54.3379,57.1339,59.7652,59.3738,54.4537,55.7022,56.4916,62.3828,62.5637,62.795,62.8131,63.0836,64.2097,65.7386,67.5849,70.1326,72.5317,74.6815,77.0236
Saint Kitts and Nevis,US$ in bn (Nominal prices),0.222209,0.233397,0.264682,0.255074,0.23467,0.185353,0.198622,0.19156,0.257209,0.3658,0.442284,0.485635,0.463482,0.411701,0.319715,0.338578,0.409287,0.419627,0.471048,0.503358,0.478257,0.506809,0.546617,0.634494,0.670228,0.707506,0.742877,0.782388,0.8334,0.892067,0.958849,1.03945,1.12283,1.20635,1.29826
Saint Kitts and Nevis,US$ in bn (Real prices),0.376252,0.393497,0.427757,0.40762,0.364804,0.28456,0.293301,0.276938,0.371689,0.507164,0.617129,0.588995,0.529673,0.456154,0.351012,0.372737,0.431857,0.451352,0.503112,0.525407,0.505384,0.533255,0.555144,0.634494,0.656379,0.678569,0.69777,0.719696,0.751589,0.788722,0.831146,0.883349,0.935492,0.985374,1.03965
Saint Lucia,Local currency in bn (Nominal prices),1.64239,1.6834,1.90292,2.05305,1.85916,1.93247,1.67454,1.57934,2.04658,2.382,2.82072,2.27881,2.31826,2.32581,2.15438,2.18675,2.31773,2.4564,2.63715,2.73092,2.92761,2.76262,2.8205,2.88832,3.11375,3.38667,3.62407,3.86351,4.11162,4.3674,4.63621,4.9531,5.25638,5.59474,5.95537
Saint Lucia,Local currency in bn (Real prices),2.82741,2.9148,3.22227,3.36862,2.96323,3.03644,2.685,2.51931,3.14983,3.60829,3.97554,3.07175,2.87899,2.91792,2.70822,2.57235,2.66343,2.74969,2.86662,2.83312,2.99842,2.95771,2.8982,2.88832,3.05869,3.25519,3.4084,3.55539,3.70227,3.84795,3.99689,4.17818,4.33858,4.51847,4.70621
Saint Lucia,Percentage growth,7.46336,3.09079,10.5485,4.54187,-12.0344,2.47087,-11.5741,-6.17111,25.0275,14.5552,10.1779,-22.7338,-6.27538,1.35216,-7.18666,-5.01691,3.54105,3.23855,4.25231,-1.16843,5.83433,-1.35767,-2.01186,-0.341164,5.89876,6.42421,4.70686,4.31239,4.13127,3.93495,3.87044,4.53578,3.839,4.14645,4.15499
Saint Lucia,Percentage of GDP,45.3235,44.4564,47.7868,46.7014,42.4785,42.6831,41.5294,40.8488,44.9894,46.4037,48.815,41.8691,40.3808,39.5956,37.1076,35.7401,36.6744,38.1614,39.6214,39.9514,40.6499,42.3444,42.7876,41.8258,43.0032,43.7518,44.2078,44.4229,44.6831,44.9223,45.3151,45.9587,46.4844,47.1005,47.6437
Saint Lucia,US$ in bn (Nominal prices),0.608291,0.623482,0.704785,0.760388,0.688577,0.71573,0.620201,0.584942,0.757994,0.882222,1.04471,0.844003,0.858615,0.861411,0.797918,0.809909,0.858417,0.909778,0.976722,1.01145,1.0843,1.02319,1.04463,1.06975,1.15324,1.25432,1.34225,1.43093,1.52282,1.61755,1.71712,1.83448,1.94681,2.07212,2.20569
Saint Lucia,US$ in bn (Real prices),1.04719,1.07956,1.19343,1.24764,1.09749,1.12461,0.994446,0.933077,1.1666,1.3364,1.47242,1.13769,1.06629,1.08071,1.00304,0.952721,0.986457,1.0184,1.06171,1.0493,1.11052,1.09545,1.07341,1.06975,1.13285,1.20562,1.26237,1.31681,1.37121,1.42517,1.48033,1.54747,1.60688,1.67351,1.74304
Saint Vincent and the Grenadines,Local currency in bn (Nominal prices),0.376088,0.423779,0.493344,0.515609,0.574774,0.563812,0.615839,0.651298,0.651177,0.680015,0.749698,0.841596,0.843207,0.759013,0.673609,0.686122,0.676786,0.720749,0.742138,0.726318,0.863716,0.907877,0.907593,0.993912,1.03956,1.09866,1.16491,1.23325,1.31433,1.40185,1.49179,1.59483,1.70567,1.82004,1.92852
Saint Vincent and the Grenadines,Local currency in bn (Real prices),0.562365,0.611164,0.699442,0.719539,0.794591,0.783949,0.802142,0.839772,0.866791,0.870246,0.931955,1.01561,0.93862,0.844731,0.756246,0.737573,0.729946,0.768983,0.774702,0.762633,0.88173,0.931691,0.920256,0.993912,1.02327,1.06245,1.10513,1.14698,1.19834,1.25297,1.30707,1.36976,1.43599,1.50195,1.55993
Saint Vincent and the Grenadines,Percentage growth,21.7784,8.67731,14.4444,2.87317,10.4306,-1.3393,2.32069,4.69117,3.21749,0.39859,7.09099,8.97646,-7.58086,-10.0028,-10.475,-2.46922,-1.03399,5.34792,0.743713,-1.55788,15.6165,5.66631,-1.22736,8.00385,2.95396,3.82915,4.01665,3.78734,4.47773,4.55848,4.31779,4.79588,4.83537,4.59312,3.8604
Saint Vincent and the Grenadines,Percentage of GDP,44.0785,47.3484,52.5405,51.1124,54.484,52.6974,53.039,52.2257,50.0568,48.2508,50.4179,51.0209,47.9109,40.4234,36.965,37.3032,37.073,38.5237,38.1119,37.0587,42.2669,43.8463,43.1745,45.5095,46.1727,47.2837,48.2864,48.9358,49.6323,50.3166,50.9,51.7334,52.6079,53.3811,53.794
Saint Vincent and the Grenadines,US$ in bn (Nominal prices),0.139292,0.156955,0.18272,0.190966,0.212879,0.208819,0.228089,0.241222,0.241177,0.251857,0.277666,0.311702,0.312299,0.281116,0.249485,0.254119,0.250661,0.266944,0.274866,0.269007,0.319895,0.336251,0.336145,0.368116,0.385021,0.406911,0.431448,0.456761,0.486788,0.519203,0.552517,0.590677,0.631728,0.674088,0.714268
Saint Vincent and the Grenadines,US$ in bn (Real prices),0.208283,0.226357,0.259053,0.266496,0.294293,0.290351,0.29709,0.311027,0.321034,0.322313,0.345169,0.376152,0.347637,0.312863,0.280091,0.273175,0.27035,0.284809,0.286927,0.282457,0.326567,0.345071,0.340836,0.368116,0.37899,0.393502,0.409307,0.424809,0.443831,0.464063,0.4841,0.507317,0.531848,0.556276,0.577751
Trinidad and Tobago,Local currency in bn (Nominal prices),2.67429,2.972,3.85328,4.355,4.06238,3.02054,5.58527,4.38885,6.63783,7.24984,8.156,7.08562,9.08532,9.51552,8.72403,10.533,11.398,13.556,12.7351,12.8625,12.4068,12.2682,13.1999,13.7115,14.996,15.974,17.0602,18.1998,19.5251,20.9566,22.4997,24.1333,25.8992,27.7854,29.8017
Trinidad and Tobago,Local currency in bn (Real prices),5.96198,6.49972,8.75045,10.0799,9.01092,5.97983,10.7574,8.91547,12.2051,12.2427,12.154,10.4075,11.8035,9.9864,12.6516,13.571,12.6695,15.0603,14.0293,13.6737,13.9699,13.9016,13.8809,13.7115,14.2672,14.4589,14.6915,14.9112,15.2194,15.5413,15.8747,16.1997,16.5401,16.8822,17.2272
Trinidad and Tobago,Percentage growth,-5.82789,8.89719,34.7755,15.8445,-10.8381,-33.8298,79.8983,-17.1239,37.7378,-0.303238,-1.2108,-19.0803,20.193,-15.5189,26.6888,7.26683,-6.64281,18.8706,-6.84583,-2.53487,2.16596,-0.488312,-0.1493,-1.2202,4.05216,1.34417,1.60851,1.49511,2.06731,2.11489,2.14502,2.04722,2.10111,2.06875,2.04353
Trinidad and Tobago,Percentage of GDP,8.43704,8.59282,10.7421,11.4409,9.47185,5.87985,10.1537,7.79686,9.32686,8.66662,8.10076,6.11088,6.6339,5.42854,7.19324,7.46783,6.99229,8.20565,7.47493,7.3602,7.50626,7.64296,7.87831,7.6399,7.75371,7.6929,7.66338,7.62544,7.63048,7.63908,7.64994,7.65348,7.66107,7.66653,7.671
Trinidad and Tobago,US$ in bn (Nominal prices),0.449627,0.494912,0.616358,0.691456,0.644935,0.479465,0.896052,0.702362,1.05444,1.15095,1.29469,1.12251,1.43573,1.51295,1.37931,1.65211,1.77835,2.10837,1.97671,2.00691,1.94543,1.83959,1.94703,2.03138,2.36111,2.59683,2.82594,3.04962,3.29301,3.52898,3.73271,3.90507,4.08547,4.27281,4.46696
Trinidad and Tobago,US$ in bn (Real prices),0.887515,0.966479,1.30258,1.50896,1.34542,0.890267,1.60158,1.32732,1.82823,1.82268,1.80061,1.45705,1.75127,1.4795,1.87436,2.01056,1.877,2.2312,2.07846,2.02577,2.06965,2.05955,2.05647,2.03138,2.11369,2.1421,2.17656,2.2091,2.25477,2.30246,2.35184,2.39999,2.45042,2.50111,2.55222
"Virgin Islands, British",Local currency in bn (Nominal prices),0.277778,0.346712,0.308939,0.349978,0.399414,0.445766,0.483841,0.490565,0.575054,0.532474,0.589118,0.601854,0.630922,0.715502,0.621177,0.699639,0.70322,0.769994,0.795817,0.882133,0.914401,0.947788,0.717224,0.658099,0.722388,0.77579,0.820479,0.859677,0.903157,0.947088,0.991906,1.03898,1.08399,1.12945,1.17684
"Virgin Islands, British",Local currency in bn (Real prices),0.424481,0.505042,0.427783,0.464512,0.518758,0.565942,0.597551,0.587639,0.686102,0.613223,0.67174,0.62612,0.605821,0.69406,0.669946,0.738574,0.752858,0.775261,0.819575,0.880527,0.898967,0.918874,0.735154,0.658099,0.704769,0.738409,0.761897,0.778825,0.79826,0.816672,0.834457,0.852736,0.867982,0.882326,0.896923
"Virgin Islands, British",Percentage growth,-2.23659,18.9786,-15.2975,8.58587,11.6781,9.09567,5.58505,-1.65871,16.7556,-10.6221,9.54243,-6.79122,-3.24214,14.5653,-3.47438,10.2438,1.93399,2.97572,5.71599,7.43707,2.09416,2.21447,-19.994,-10.4815,7.09165,4.77309,3.18092,2.22191,2.49541,2.30643,2.17776,2.19057,1.78788,1.65253,1.65443
"Virgin Islands, British",Percentage of GDP,71.3946,78.7918,60.3893,59.4188,60.5573,60.5654,60.9502,63.6843,82.4112,72.8312,69.0941,65.1926,63.677,73.5965,72.3552,79.8536,81.9603,88.4139,88.6803,94.0822,95.7973,97.5857,80.5916,69.9582,73.1461,75.3008,76.5708,76.8315,77.186,77.1793,77.4414,77.3373,76.969,76.9187,76.5179
"Virgin Islands, British",US$ in bn (Nominal prices),0.277778,0.346712,0.308939,0.349978,0.399414,0.445766,0.483841,0.490565,0.575054,0.532474,0.589118,0.601854,0.630922,0.715502,0.621177,0.699639,0.70322,0.769994,0.795817,0.882133,0.914401,0.947788,0.717224,0.658099,0.722388,0.77579,0.820479,0.859677,0.903157,0.947088,0.991906,1.03898,1.08399,1.12945,1.17684
"Virgin Islands, British",US$ in bn (Real prices),0.424481,0.505042,0.427783,0.464512,0.518758,0.565942,0.597551,0.587639,0.686102,0.613223,0.67174,0.62612,0.605821,0.69406,0.669946,0.738574,0.752858,0.775261,0.819575,0.880527,0.898967,0.918874,0.735154,0.658099,0.704769,0.738409,0.761897,0.778825,0.79826,0.816672,0.834457,0.852736,0.867982,0.882326,0.896923
"Virgin Islands, U.S.",Local currency in bn (Nominal prices),0.832008,0.410949,0.723538,0.831563,0.678683,0.452191,0.692581,1.08229,1.03674,1.04481,1.32259,1.35699,1.41994,1.62939,1.55956,1.62609,2.3483,3.05301,3.06908,2.81116,2.80501,2.80612,2.48456,2.34776,2.48285,2.65356,2.80009,2.95632,3.1336,3.33165,3.52608,3.73793,3.94254,4.17129,4.43453
"Virgin Islands, U.S.",Local currency in bn (Real prices),1.26892,0.609434,1.04841,1.18649,0.947412,0.610714,0.909527,1.79759,1.57829,1.45563,1.58141,1.66298,1.70257,2.22871,2.01379,2.05227,2.78619,3.1865,3.28456,3.09475,2.98122,2.92343,2.5417,2.34776,2.42703,2.53558,2.61544,2.69929,2.79683,2.90673,3.0072,3.1162,3.21288,3.32287,3.45315
"Virgin Islands, U.S.",Percentage growth,-8.1678,-51.9724,72.0297,13.1702,-20.1497,-35.5388,48.9286,97.6404,-12.1998,-7.77158,8.64037,5.15827,2.38074,30.9028,-9.64317,1.91072,35.7611,14.3678,3.07745,-5.77872,-3.66872,-1.9384,-13.0574,-7.63053,3.37643,4.47273,3.14958,3.20566,3.61351,3.92979,3.45645,3.62456,3.10242,3.42348,3.92068
"Virgin Islands, U.S.",Percentage of GDP,46.3644,22.0466,40.1208,43.2273,35.0396,19.3484,27.9244,33.1078,30.0242,27.5023,29.7948,30.1284,29.5637,38.3386,37.106,37.4761,55.3976,74.5545,81.5811,77.6135,74.6211,72.472,64.0142,58.8515,58.9542,60.2656,61.1028,62.1698,63.5269,65.1119,66.4324,67.8898,69.0296,70.4374,72.2787
"Virgin Islands, U.S.",US$ in bn (Nominal prices),0.832008,0.410949,0.723538,0.831563,0.678683,0.452191,0.692581,1.08229,1.03674,1.04481,1.32259,1.35699,1.41994,1.62939,1.55956,1.62609,2.3483,3.05301,3.06908,2.81116,2.80501,2.80612,2.48456,2.34776,2.48285,2.65356,2.80009,2.95632,3.1336,3.33165,3.52608,3.73793,3.94254,4.17129,4.43453
"Virgin Islands, U.S.",US$ in bn (Real prices),1.26892,0.609434,1.04841,1.18649,0.947412,0.610714,0.909527,1.79759,1.57829,1.45563,1.58141,1.66298,1.70257,2.22871,2.01379,2.05227,2.78619,3.1865,3.28456,3.09475,2.98122,2.92343,2.5417,2.34776,2.42703,2.53558,2.61544,2.69929,2.79683,2.90673,3.0072,3.1162,3.21288,3.32287,3.45315